"","VALUE","YEAR","DIST_TYPE","SEVERITY","sumcount","ACRES"
"1",11,1999,"Wildfire","Unburned/Low",118775,26414.9067375
"2",12,1999,"Wildfire","Low",221996,49370.689422
"3",13,1999,"Wildfire","Medium",5849,1300.7854305
"4",14,1999,"Wildfire","High",127,28.2441015
"5",431,1999,"Harvest","Low",593,131.8799385
"6",432,1999,"Harvest","Medium",1099,244.4115555
"7",433,1999,"Harvest","High",43,9.5629635
"8",461,1999,"Other Mechanical","Low",45,10.0077525
"9",462,1999,"Other Mechanical","Medium",151,33.5815695
"10",463,1999,"Other Mechanical","High",386,85.844277
"11",471,1999,"Wildfire","Low",2105,468.1404225
"12",472,1999,"Wildfire","Medium",26802,5960.617389
"13",473,1999,"Wildfire","High",2517,559.7669565
"14",491,1999,"Prescribed Fire","Low",24534,5456.226663
"15",492,1999,"Prescribed Fire","Medium",23311,5184.2381895
"16",493,1999,"Prescribed Fire","High",158,35.138331
"17",602,1999,"Unknown","Medium",365,81.1739925
"18",603,1999,"Unknown","High",889,197.7087105
"19",702,1999,"Unknown","Medium",1253,278.6603085
"20",703,1999,"Unknown","High",4980,1107.52461
"21",732,1999,"Harvest","Medium",36,8.006202
"22",733,1999,"Harvest","High",158,35.138331
"23",762,1999,"Other Mechanical","Medium",35,7.7838075
"24",763,1999,"Other Mechanical","High",70,15.567615
"25",772,1999,"Wildfire","Medium",42,9.340569
"26",773,1999,"Wildfire","High",104,23.129028
"27",792,1999,"Prescribed Fire","Medium",9,2.0015505
"28",793,1999,"Prescribed Fire","High",5,1.1119725
"29",1102,1999,"Unknown","Medium",223,49.5939735
"30",1103,1999,"Unknown","High",2895,643.8320775
"31",11,2000,"Wildfire","Unburned/Low",575,127.8768375
"32",12,2000,"Wildfire","Low",892,198.375894
"33",13,2000,"Wildfire","Medium",2651,589.5678195
"34",14,2000,"Wildfire","High",4777,1062.3785265
"35",15,2000,"Wildfire","Increased Green",20,4.44789
"36",431,2000,"Harvest","Low",2731,607.3593795
"37",432,2000,"Harvest","Medium",5872,1305.900504
"38",433,2000,"Harvest","High",41,9.1181745
"39",461,2000,"Other Mechanical","Low",195,43.3669275
"40",462,2000,"Other Mechanical","Medium",1841,409.4282745
"41",463,2000,"Other Mechanical","High",178,39.586221
"42",491,2000,"Prescribed Fire","Low",708,157.455306
"43",492,2000,"Prescribed Fire","Medium",3185,708.3264825
"44",493,2000,"Prescribed Fire","High",100,22.23945
"45",602,2000,"Unknown","Medium",282,62.715249
"46",603,2000,"Unknown","High",710,157.900095
"47",702,2000,"Unknown","Medium",122,27.132129
"48",703,2000,"Unknown","High",1200,266.8734
"49",732,2000,"Harvest","Medium",37,8.2285965
"50",733,2000,"Harvest","High",98,21.794661
"51",762,2000,"Other Mechanical","Medium",1,0.2223945
"52",792,2000,"Prescribed Fire","Medium",2,0.444789
"53",1102,2000,"Unknown","Medium",161,35.8055145
"54",1103,2000,"Unknown","High",1231,273.7676295
"55",11,2001,"Wildfire","Unburned/Low",7733,1719.7766685
"56",12,2001,"Wildfire","Low",16467,3662.1702315
"57",13,2001,"Wildfire","Medium",6871,1528.0726095
"58",14,2001,"Wildfire","High",10585,2354.0457825
"59",431,2001,"Harvest","Low",1583,352.0504935
"60",432,2001,"Harvest","Medium",1185,263.5374825
"61",433,2001,"Harvest","High",18,4.003101
"62",461,2001,"Other Mechanical","Low",165,36.6950925
"63",462,2001,"Other Mechanical","Medium",1641,364.9493745
"64",463,2001,"Other Mechanical","High",378,84.065121
"65",471,2001,"Wildfire","Low",783,174.1348935
"66",472,2001,"Wildfire","Medium",1460,324.69597
"67",473,2001,"Wildfire","High",46,10.230147
"68",491,2001,"Prescribed Fire","Low",125,27.7993125
"69",492,2001,"Prescribed Fire","Medium",1353,300.8997585
"70",493,2001,"Prescribed Fire","High",221,49.1491845
"71",601,2001,"Unknown","Low",1,0.2223945
"72",602,2001,"Unknown","Medium",4174,928.274643
"73",603,2001,"Unknown","High",4070,905.145615
"74",702,2001,"Unknown","Medium",2033,452.1280185
"75",703,2001,"Unknown","High",1667,370.7316315
"76",732,2001,"Harvest","Medium",2,0.444789
"77",762,2001,"Other Mechanical","Medium",29,6.4494405
"78",763,2001,"Other Mechanical","High",2,0.444789
"79",1102,2001,"Unknown","Medium",323,71.8334235
"80",1103,2001,"Unknown","High",504,112.086828
"81",11,2002,"Wildfire","Unburned/Low",165217,36743.3521065
"82",12,2002,"Wildfire","Low",326947,72711.2145915
"83",13,2002,"Wildfire","Medium",638,141.887691
"84",14,2002,"Wildfire","High",20,4.44789
"85",421,2002,"Clearcut","Low",7,1.5567615
"86",422,2002,"Clearcut","Medium",83,18.4587435
"87",431,2002,"Harvest","Low",1724,383.408118
"88",432,2002,"Harvest","Medium",1523,338.7068235
"89",433,2002,"Harvest","High",64,14.233248
"90",471,2002,"Wildfire","Low",27170,6042.458565
"91",472,2002,"Wildfire","Medium",51150,11375.478675
"92",473,2002,"Wildfire","High",16359,3638.1516255
"93",491,2002,"Prescribed Fire","Low",704,156.565728
"94",492,2002,"Prescribed Fire","Medium",3164,703.656198
"95",493,2002,"Prescribed Fire","High",48,10.674936
"96",501,2002,"Wildland Fire","Low",1592,354.052044
"97",502,2002,"Wildland Fire","Medium",2056,457.243092
"98",503,2002,"Wildland Fire","High",87,19.3483215
"99",602,2002,"Unknown","Medium",1063,236.4053535
"100",603,2002,"Unknown","High",344,76.503708
"101",702,2002,"Unknown","Medium",521,115.8675345
"102",703,2002,"Unknown","High",1090,242.410005
"103",731,2002,"Harvest","Low",1,0.2223945
"104",732,2002,"Harvest","Medium",19,4.2254955
"105",733,2002,"Harvest","High",29,6.4494405
"106",772,2002,"Wildfire","Medium",2,0.444789
"107",792,2002,"Prescribed Fire","Medium",30,6.671835
"108",793,2002,"Prescribed Fire","High",79,17.5691655
"109",1101,2002,"Unknown","Low",1,0.2223945
"110",1102,2002,"Unknown","Medium",194,43.144533
"111",1103,2002,"Unknown","High",47,10.4525415
"112",431,2003,"Harvest","Low",672,149.449104
"113",432,2003,"Harvest","Medium",194,43.144533
"114",433,2003,"Harvest","High",1,0.2223945
"115",461,2003,"Other Mechanical","Low",65,14.4556425
"116",462,2003,"Other Mechanical","Medium",138,30.690441
"117",463,2003,"Other Mechanical","High",477,106.0821765
"118",491,2003,"Prescribed Fire","Low",15235,3388.1802075
"119",492,2003,"Prescribed Fire","Medium",22776,5065.257132
"120",493,2003,"Prescribed Fire","High",2300,511.50735
"121",602,2003,"Unknown","Medium",2855,634.9362975
"122",603,2003,"Unknown","High",635,141.2205075
"123",702,2003,"Unknown","Medium",582,129.433599
"124",703,2003,"Unknown","High",683,151.8954435
"125",732,2003,"Harvest","Medium",14,3.113523
"126",1102,2003,"Unknown","Medium",46,10.230147
"127",1103,2003,"Unknown","High",193,42.9221385
"128",11,2004,"Wildfire","Unburned/Low",54085,12028.2065325
"129",12,2004,"Wildfire","Low",105433,23447.7193185
"130",13,2004,"Wildfire","Medium",10467,2327.8032315
"131",14,2004,"Wildfire","High",372,82.730754
"132",431,2004,"Harvest","Low",1365,303.5684925
"133",432,2004,"Harvest","Medium",972,216.167454
"134",433,2004,"Harvest","High",66,14.678037
"135",461,2004,"Other Mechanical","Low",88,19.570716
"136",462,2004,"Other Mechanical","Medium",432,96.074424
"137",463,2004,"Other Mechanical","High",56,12.454092
"138",491,2004,"Prescribed Fire","Low",7955,1769.1482475
"139",492,2004,"Prescribed Fire","Medium",5522,1228.062429
"140",493,2004,"Prescribed Fire","High",547,121.6497915
"141",601,2004,"Unknown","Low",5,1.1119725
"142",602,2004,"Unknown","Medium",733,163.0151685
"143",603,2004,"Unknown","High",595,132.3247275
"144",702,2004,"Unknown","Medium",582,129.433599
"145",703,2004,"Unknown","High",1830,406.981935
"146",732,2004,"Harvest","Medium",115,25.5753675
"147",733,2004,"Harvest","High",7,1.5567615
"148",762,2004,"Other Mechanical","Medium",16,3.558312
"149",763,2004,"Other Mechanical","High",5,1.1119725
"150",792,2004,"Prescribed Fire","Medium",64,14.233248
"151",793,2004,"Prescribed Fire","High",144,32.024808
"152",1102,2004,"Unknown","Medium",490,108.973305
"153",1103,2004,"Unknown","High",2070,460.356615
"154",11,2005,"Wildfire","Unburned/Low",35400,7872.7653
"155",12,2005,"Wildfire","Low",51804,11520.924678
"156",13,2005,"Wildfire","Medium",34944,7771.353408
"157",14,2005,"Wildfire","High",746,165.906297
"158",15,2005,"Wildfire","Increased Green",598,132.991911
"159",461,2005,"Other Mechanical","Low",937,208.3836465
"160",462,2005,"Other Mechanical","Medium",1358,302.011731
"161",463,2005,"Other Mechanical","High",117,26.0201565
"162",491,2005,"Prescribed Fire","Low",11369,2528.4030705
"163",492,2005,"Prescribed Fire","Medium",13682,3042.801549
"164",493,2005,"Prescribed Fire","High",135,30.0232575
"165",601,2005,"Unknown","Low",6,1.334367
"166",602,2005,"Unknown","Medium",1215,270.2093175
"167",603,2005,"Unknown","High",875,194.5951875
"168",702,2005,"Unknown","Medium",1012,225.063234
"169",703,2005,"Unknown","High",1731,384.9648795
"170",762,2005,"Other Mechanical","Medium",86,19.125927
"171",763,2005,"Other Mechanical","High",2,0.444789
"172",792,2005,"Prescribed Fire","Medium",97,21.5722665
"173",793,2005,"Prescribed Fire","High",1,0.2223945
"174",1101,2005,"Unknown","Low",1,0.2223945
"175",1102,2005,"Unknown","Medium",91,20.2378995
"176",1103,2005,"Unknown","High",1046,232.624647
"177",11,2006,"Wildfire","Unburned/Low",30217,6720.0946065
"178",12,2006,"Wildfire","Low",46320,10301.31324
"179",13,2006,"Wildfire","Medium",30095,6692.9624775
"180",14,2006,"Wildfire","High",2067,459.6894315
"181",15,2006,"Wildfire","Increased Green",639,142.1100855
"182",441,2006,"Thinning","Low",231,51.3731295
"183",442,2006,"Thinning","Medium",1644,365.616558
"184",443,2006,"Thinning","High",510,113.421195
"185",463,2006,"Other Mechanical","High",354,78.727653
"186",491,2006,"Prescribed Fire","Low",3826,850.881357
"187",492,2006,"Prescribed Fire","Medium",4308,958.075506
"188",493,2006,"Prescribed Fire","High",200,44.4789
"189",602,2006,"Unknown","Medium",1230,273.545235
"190",603,2006,"Unknown","High",1618,359.834301
"191",702,2006,"Unknown","Medium",424,94.295268
"192",703,2006,"Unknown","High",1487,330.7006215
"193",742,2006,"Thinning","Medium",77,17.1243765
"194",743,2006,"Thinning","High",304,67.607928
"195",763,2006,"Other Mechanical","High",15,3.3359175
"196",792,2006,"Prescribed Fire","Medium",7,1.5567615
"197",793,2006,"Prescribed Fire","High",2,0.444789
"198",1102,2006,"Unknown","Medium",64,14.233248
"199",1103,2006,"Unknown","High",1789,397.8637605
"200",11,2007,"Wildfire","Unburned/Low",713744,158732.740008
"201",12,2007,"Wildfire","Low",868937,193246.8096465
"202",13,2007,"Wildfire","Medium",85116,18929.330262
"203",14,2007,"Wildfire","High",1159,257.7552255
"204",15,2007,"Wildfire","Increased Green",992,220.615344
"205",21,2007,"Wildfire","Unburned/Low",2493,554.4294885
"206",22,2007,"Wildfire","Low",905,201.2670225
"207",23,2007,"Wildfire","Medium",1533,340.9307685
"208",24,2007,"Wildfire","High",159,35.3607255
"209",31,2007,"Wildfire","Unburned/Low",2,0.444789
"210",422,2007,"Clearcut","Medium",4,0.889578
"211",423,2007,"Clearcut","High",37,8.2285965
"212",441,2007,"Thinning","Low",902,200.599839
"213",442,2007,"Thinning","Medium",2760,613.80882
"214",443,2007,"Thinning","High",18,4.003101
"215",461,2007,"Other Mechanical","Low",26,5.782257
"216",462,2007,"Other Mechanical","Medium",154,34.248753
"217",463,2007,"Other Mechanical","High",330,73.390185
"218",471,2007,"Wildfire","Low",43889,9760.6722105
"219",472,2007,"Wildfire","Medium",177115,39389.4018675
"220",473,2007,"Wildfire","High",258480,57484.53036
"221",602,2007,"Unknown","Medium",101,22.4618445
"222",603,2007,"Unknown","High",14,3.113523
"223",702,2007,"Unknown","Medium",346,76.948497
"224",703,2007,"Unknown","High",177,39.3638265
"225",722,2007,"Clearcut","Medium",1,0.2223945
"226",772,2007,"Wildfire","Medium",188,41.810166
"227",773,2007,"Wildfire","High",288,64.049616
"228",1102,2007,"Unknown","Medium",48,10.674936
"229",1103,2007,"Unknown","High",359,79.8396255
"230",11,2008,"Wildfire","Unburned/Low",39131,8702.5191795
"231",12,2008,"Wildfire","Low",56706,12611.102517
"232",13,2008,"Wildfire","Medium",25828,5744.005146
"233",14,2008,"Wildfire","High",740,164.57193
"234",15,2008,"Wildfire","Increased Green",3645,810.6279525
"235",16,2008,"Wildfire","Nodata/Non-processing mask",911,202.6013895
"236",421,2008,"Clearcut","Low",2519,560.2117455
"237",422,2008,"Clearcut","Medium",1810,402.534045
"238",423,2008,"Clearcut","High",2146,477.258597
"239",441,2008,"Thinning","Low",3112,692.091684
"240",442,2008,"Thinning","Medium",249,55.3762305
"241",443,2008,"Thinning","High",74,16.457193
"242",451,2008,"Mastication","Low",2381,529.5213045
"243",452,2008,"Mastication","Medium",76,16.901982
"244",453,2008,"Mastication","High",19,4.2254955
"245",461,2008,"Other Mechanical","Low",801,178.1379945
"246",462,2008,"Other Mechanical","Medium",617,137.2174065
"247",463,2008,"Other Mechanical","High",334,74.279763
"248",471,2008,"Wildfire","Low",5142,1143.552519
"249",472,2008,"Wildfire","Medium",358,79.617231
"250",473,2008,"Wildfire","High",89,19.7931105
"251",491,2008,"Prescribed Fire","Low",16339,3633.7037355
"252",492,2008,"Prescribed Fire","Medium",2298,511.062561
"253",493,2008,"Prescribed Fire","High",683,151.8954435
"254",601,2008,"Unknown","Low",1045,232.4022525
"255",602,2008,"Unknown","Medium",162,36.027909
"256",603,2008,"Unknown","High",72,16.012404
"257",701,2008,"Unknown","Low",597,132.7695165
"258",702,2008,"Unknown","Medium",606,134.771067
"259",703,2008,"Unknown","High",463,102.9686535
"260",741,2008,"Thinning","Low",701,155.8985445
"261",742,2008,"Thinning","Medium",194,43.144533
"262",743,2008,"Thinning","High",39,8.6733855
"263",791,2008,"Prescribed Fire","Low",278,61.825671
"264",792,2008,"Prescribed Fire","Medium",121,26.9097345
"265",793,2008,"Prescribed Fire","High",21,4.6702845
"266",921,2008,"Clearcut","Low",1054,234.403803
"267",941,2008,"Thinning","Low",911,202.6013895
"268",951,2008,"Mastication","Low",6402,1423.769589
"269",961,2008,"Other Mechanical","Low",477,106.0821765
"270",971,2008,"Wildfire","Low",18547,4124.7507915
"271",991,2008,"Prescribed Fire","Low",39826,8857.083357
"272",1101,2008,"Unknown","Low",39,8.6733855
"273",1102,2008,"Unknown","Medium",49,10.8973305
"274",1103,2008,"Unknown","High",58,12.898881
"275",1111,2008,"Unknown","Low",20,4.44789
"276",1112,2008,"Unknown","Medium",68,15.122826
"277",1113,2008,"Unknown","High",152,33.803964
"278",1121,2008,"Unknown","Low",846,188.145747
"279",1122,2008,"Unknown","Medium",644,143.222058
"280",1123,2008,"Unknown","High",429,95.4072405
"281",1131,2008,"Unknown","Low",410,91.181745
"282",1132,2008,"Unknown","Medium",32,7.116624
"283",11,2009,"Wildfire","Unburned/Low",32266,7175.780937
"284",12,2009,"Wildfire","Low",55000,12231.6975
"285",13,2009,"Wildfire","Medium",38617,8588.2084065
"286",14,2009,"Wildfire","High",2379,529.0765155
"287",15,2009,"Wildfire","Increased Green",258,57.377781
"288",16,2009,"Wildfire","Nodata/Non-processing mask",1611,358.2775395
"289",441,2009,"Thinning","Low",1828,406.537146
"290",442,2009,"Thinning","Medium",175,38.9190375
"291",443,2009,"Thinning","High",61,13.5660645
"292",451,2009,"Mastication","Low",10361,2304.2294145
"293",452,2009,"Mastication","Medium",195,43.3669275
"294",453,2009,"Mastication","High",30,6.671835
"295",461,2009,"Other Mechanical","Low",4940,1098.62883
"296",462,2009,"Other Mechanical","Medium",117,26.0201565
"297",463,2009,"Other Mechanical","High",12,2.668734
"298",471,2009,"Wildfire","Low",99,22.0170555
"299",472,2009,"Wildfire","Medium",8,1.779156
"300",473,2009,"Wildfire","High",1,0.2223945
"301",491,2009,"Prescribed Fire","Low",35806,7963.057467
"302",492,2009,"Prescribed Fire","Medium",3860,858.44277
"303",493,2009,"Prescribed Fire","High",2313,514.3984785
"304",601,2009,"Unknown","Low",294,65.383983
"305",602,2009,"Unknown","Medium",146,32.469597
"306",603,2009,"Unknown","High",59,13.1212755
"307",701,2009,"Unknown","Low",692,153.896994
"308",702,2009,"Unknown","Medium",381,84.7323045
"309",703,2009,"Unknown","High",523,116.3123235
"310",791,2009,"Prescribed Fire","Low",8,1.779156
"311",792,2009,"Prescribed Fire","Medium",9,2.0015505
"312",941,2009,"Thinning","Low",2534,563.547663
"313",951,2009,"Mastication","Low",20031,4454.7842295
"314",961,2009,"Other Mechanical","Low",5745,1277.6564025
"315",991,2009,"Prescribed Fire","Low",51337,11417.0664465
"316",1031,2009,"Chemical","Low",211,46.9252395
"317",1101,2009,"Unknown","Low",437,97.1863965
"318",1102,2009,"Unknown","Medium",178,39.586221
"319",1103,2009,"Unknown","High",96,21.349872
"320",1111,2009,"Unknown","Low",646,143.666847
"321",1112,2009,"Unknown","Medium",385,85.6218825
"322",1113,2009,"Unknown","High",299,66.4959555
"323",1121,2009,"Unknown","Low",1148,255.308886
"324",1122,2009,"Unknown","Medium",896,199.265472
"325",1123,2009,"Unknown","High",912,202.823784
"326",1131,2009,"Unknown","Low",4138,920.268441
"327",1132,2009,"Unknown","Medium",1026,228.176757
"328",1133,2009,"Unknown","High",660,146.78037
"329",11,2010,"Wildfire","Unburned/Low",46123,10257.5015235
"330",12,2010,"Wildfire","Low",132899,29556.0066555
"331",16,2010,"Wildfire","Nodata/Non-processing mask",4041,898.6961745
"332",31,2010,"Wildfire","Unburned/Low",1871,416.1001095
"333",32,2010,"Wildfire","Low",39,8.6733855
"334",441,2010,"Thinning","Low",10418,2316.905901
"335",442,2010,"Thinning","Medium",760,169.01982
"336",443,2010,"Thinning","High",92,20.460294
"337",461,2010,"Other Mechanical","Low",40185,8936.9229825
"338",462,2010,"Other Mechanical","Medium",6308,1402.864506
"339",463,2010,"Other Mechanical","High",622,138.329379
"340",471,2010,"Wildfire","Low",709,157.6777005
"341",472,2010,"Wildfire","Medium",63,14.0108535
"342",473,2010,"Wildfire","High",7,1.5567615
"343",491,2010,"Prescribed Fire","Low",34301,7628.3537445
"344",492,2010,"Prescribed Fire","Medium",1530,340.263585
"345",493,2010,"Prescribed Fire","High",115,25.5753675
"346",601,2010,"Unknown","Low",1785,396.9741825
"347",602,2010,"Unknown","Medium",1436,319.358502
"348",603,2010,"Unknown","High",417,92.7385065
"349",701,2010,"Unknown","Low",1401,311.5746945
"350",702,2010,"Unknown","Medium",407,90.5145615
"351",703,2010,"Unknown","High",176,39.141432
"352",741,2010,"Thinning","Low",3,0.6671835
"353",742,2010,"Thinning","Medium",4,0.889578
"354",761,2010,"Other Mechanical","Low",269,59.8241205
"355",762,2010,"Other Mechanical","Medium",63,14.0108535
"356",763,2010,"Other Mechanical","High",16,3.558312
"357",791,2010,"Prescribed Fire","Low",37,8.2285965
"358",941,2010,"Thinning","Low",12973,2885.1238485
"359",961,2010,"Other Mechanical","Low",60499,13454.6448555
"360",971,2010,"Wildfire","Low",2110,469.252395
"361",991,2010,"Prescribed Fire","Low",37388,8314.885566
"362",1031,2010,"Chemical","Low",211,46.9252395
"363",1101,2010,"Unknown","Low",76,16.901982
"364",1102,2010,"Unknown","Medium",38,8.450991
"365",1103,2010,"Unknown","High",66,14.678037
"366",1111,2010,"Unknown","Low",127,28.2441015
"367",1112,2010,"Unknown","Medium",74,16.457193
"368",1113,2010,"Unknown","High",147,32.6919915
"369",1121,2010,"Unknown","Low",3355,746.1335475
"370",1122,2010,"Unknown","Medium",1691,376.0690995
"371",1123,2010,"Unknown","High",1555,345.8234475
"372",1131,2010,"Unknown","Low",314,69.831873
"373",1132,2010,"Unknown","Medium",395,87.8458275
"374",1133,2010,"Unknown","High",299,66.4959555
"375",11,2011,"Wildfire","Unburned/Low",371746,82674.265797
"376",12,2011,"Wildfire","Low",581859,129402.2413755
"377",13,2011,"Wildfire","Medium",541262,120373.691859
"378",15,2011,"Wildfire","Increased Green",130,28.911285
"379",16,2011,"Wildfire","NA",289,64.2720105
"380",31,2011,"Wildfire","Unburned/Low",455,101.1894975
"381",32,2011,"Wildfire","Low",19,4.2254955
"382",33,2011,"Wildfire","Medium",16,3.558312
"383",34,2011,"Wildfire","High",13,2.8911285
"384",111,2011,"Wildfire","Unburned/Low",14071,3129.3130095
"385",112,2011,"Wildfire","Low",22394,4980.302433
"386",113,2011,"Wildfire","Medium",31426,6988.969557
"387",115,2011,"Wildfire","Increased Green",6,1.334367
"388",211,2011,"Wildfire","Unburned/Low",6,1.334367
"389",212,2011,"Wildfire","Low",110,24.463395
"390",213,2011,"Wildfire","Medium",5,1.1119725
"391",461,2011,"Other Mechanical","Low",2191,487.2663495
"392",462,2011,"Other Mechanical","Medium",66,14.678037
"393",463,2011,"Other Mechanical","High",14,3.113523
"394",471,2011,"Wildfire","Low",45020,10012.20039
"395",472,2011,"Wildfire","Medium",4109,913.8190005
"396",473,2011,"Wildfire","High",4035,897.3618075
"397",491,2011,"Prescribed Fire","Low",3533,785.7197685
"398",492,2011,"Prescribed Fire","Medium",155,34.4711475
"399",493,2011,"Prescribed Fire","High",10,2.223945
"400",701,2011,"Unknown","Low",771,171.4661595
"401",702,2011,"Unknown","Medium",19,4.2254955
"402",761,2011,"Other Mechanical","Low",394,87.623433
"403",762,2011,"Other Mechanical","Medium",64,14.233248
"404",763,2011,"Other Mechanical","High",9,2.0015505
"405",771,2011,"Wildfire","Low",1540,342.48753
"406",772,2011,"Wildfire","Medium",321,71.3886345
"407",773,2011,"Wildfire","High",101,22.4618445
"408",791,2011,"Prescribed Fire","Low",244,54.264258
"409",792,2011,"Prescribed Fire","Medium",15,3.3359175
"410",793,2011,"Prescribed Fire","High",2,0.444789
"411",961,2011,"Other Mechanical","Low",5126,1139.994207
"412",971,2011,"Wildfire","Low",121102,26932.418739
"413",991,2011,"Prescribed Fire","Low",2208,491.047056
"414",1111,2011,"Unknown","Low",70,15.567615
"415",1112,2011,"Unknown","Medium",25,5.5598625
"416",1113,2011,"Unknown","High",36,8.006202
"417",1121,2011,"Unknown","Low",1967,437.4499815
"418",1122,2011,"Unknown","Medium",556,123.651342
"419",1123,2011,"Unknown","High",241,53.5970745
"420",1131,2011,"Unknown","Low",5164,1148.445198
"421",1132,2011,"Unknown","Medium",523,116.3123235
"422",1133,2011,"Unknown","High",162,36.027909
"423",11,2012,"Wildfire","Unburned/Low",18764,4173.010398
"424",12,2012,"Wildfire","Low",131441,29231.7554745
"425",13,2012,"Wildfire","Medium",47878,10647.803871
"426",16,2012,"Wildfire","NA",13,2.8911285
"427",111,2012,"Wildfire","Unburned/Low",1100,244.63395
"428",112,2012,"Wildfire","Low",7561,1681.5248145
"429",113,2012,"Wildfire","Medium",2126,472.810707
"430",212,2012,"Wildfire","Low",1011,224.8408395
"431",441,2012,"Thinning","Low",1541,342.7099245
"432",442,2012,"Thinning","Medium",48,10.674936
"433",443,2012,"Thinning","High",2,0.444789
"434",461,2012,"Other Mechanical","Low",5939,1320.8009355
"435",462,2012,"Other Mechanical","Medium",81,18.0139545
"436",463,2012,"Other Mechanical","High",1,0.2223945
"437",471,2012,"Wildfire","Low",20398,4536.403011
"438",472,2012,"Wildfire","Medium",1086,241.520427
"439",473,2012,"Wildfire","High",192,42.699744
"440",491,2012,"Prescribed Fire","Low",9832,2186.582724
"441",492,2012,"Prescribed Fire","Medium",906,201.489417
"442",493,2012,"Prescribed Fire","High",106,23.573817
"443",601,2012,"Unknown","Low",451,100.2999195
"444",602,2012,"Unknown","Medium",114,25.352973
"445",603,2012,"Unknown","High",2,0.444789
"446",701,2012,"Unknown","Low",136,30.245652
"447",741,2012,"Thinning","Low",34,7.561413
"448",761,2012,"Other Mechanical","Low",93,20.6826885
"449",762,2012,"Other Mechanical","Medium",5,1.1119725
"450",763,2012,"Other Mechanical","High",14,3.113523
"451",771,2012,"Wildfire","Low",20,4.44789
"452",772,2012,"Wildfire","Medium",23,5.1150735
"453",773,2012,"Wildfire","High",5,1.1119725
"454",791,2012,"Prescribed Fire","Low",10,2.223945
"455",941,2012,"Thinning","Low",2854,634.713903
"456",961,2012,"Other Mechanical","Low",26612,5918.362434
"457",971,2012,"Wildfire","Low",141977,31574.9039265
"458",991,2012,"Prescribed Fire","Low",21882,4866.436449
"459",1101,2012,"Unknown","Low",18,4.003101
"460",1102,2012,"Unknown","Medium",9,2.0015505
"461",1103,2012,"Unknown","High",1,0.2223945
"462",1111,2012,"Unknown","Low",29,6.4494405
"463",1112,2012,"Unknown","Medium",70,15.567615
"464",1113,2012,"Unknown","High",20,4.44789
"465",1121,2012,"Unknown","Low",1355,301.3445475
"466",1122,2012,"Unknown","Medium",738,164.127141
"467",1123,2012,"Unknown","High",301,66.9407445
"468",441,2013,"Thinning","Low",5274,1172.908593
"469",442,2013,"Thinning","Medium",80,17.79156
"470",443,2013,"Thinning","High",13,2.8911285
"471",451,2013,"Mastication","Low",9740,2166.12243
"472",452,2013,"Mastication","Medium",194,43.144533
"473",453,2013,"Mastication","High",25,5.5598625
"474",461,2013,"Other Mechanical","Low",7516,1671.517062
"475",462,2013,"Other Mechanical","Medium",265,58.9345425
"476",491,2013,"Prescribed Fire","Low",58890,13096.812105
"477",492,2013,"Prescribed Fire","Medium",5898,1311.682761
"478",493,2013,"Prescribed Fire","High",2332,518.623974
"479",601,2013,"Unknown","Low",251,55.8210195
"480",602,2013,"Unknown","Medium",87,19.3483215
"481",603,2013,"Unknown","High",290,64.494405
"482",701,2013,"Unknown","Low",222,49.371579
"483",702,2013,"Unknown","Medium",101,22.4618445
"484",703,2013,"Unknown","High",33,7.3390185
"485",751,2013,"Mastication","Low",676,150.338682
"486",752,2013,"Mastication","Medium",85,18.9035325
"487",753,2013,"Mastication","High",20,4.44789
"488",761,2013,"Other Mechanical","Low",120,26.68734
"489",762,2013,"Other Mechanical","Medium",36,8.006202
"490",791,2013,"Prescribed Fire","Low",21,4.6702845
"491",792,2013,"Prescribed Fire","Medium",16,3.558312
"492",793,2013,"Prescribed Fire","High",8,1.779156
"493",941,2013,"Thinning","Low",9152,2035.354464
"494",951,2013,"Mastication","Low",11491,2555.5351995
"495",961,2013,"Other Mechanical","Low",4770,1060.821765
"496",991,2013,"Prescribed Fire","Low",70439,15665.2461855
"497",1101,2013,"Unknown/Fire Doubtful","Low",360,80.06202
"498",1102,2013,"Unknown/Fire Doubtful","Medium",206,45.813267
"499",1103,2013,"Unknown/Fire Doubtful","High",74,16.457193
"500",1111,2013,"Unknown/Possibly Fire","Low",1,0.2223945
"501",1121,2013,"Unknown/Possibly Fire","Low",8,1.779156
"502",1122,2013,"Unknown/Possibly Fire","Medium",14,3.113523
"503",1123,2013,"Unknown/Possibly Fire","High",96,21.349872
"504",11,2014,"Wildfire","Unburned/Low",51896,11541.384972
"505",12,2014,"Wildfire","Low",96451,21450.1719195
"506",13,2014,"Wildfire","Medium",24465,5440.8814425
"507",14,2014,"Wildfire","High",378,84.065121
"508",15,2014,"Wildfire","Increased Green",258,57.377781
"509",16,2014,"Wildfire","NA",18,4.003101
"510",111,2014,"Wildfire","Unburned/Low",2111,469.4747895
"511",112,2014,"Wildfire","Low",14738,3277.650141
"512",113,2014,"Wildfire","Medium",521,115.8675345
"513",114,2014,"Wildfire","High",37,8.2285965
"514",115,2014,"Wildfire","Increased Green",13,2.8911285
"515",211,2014,"Wildfire","Unburned/Low",388,86.289066
"516",212,2014,"Wildfire","Low",1856,412.764192
"517",441,2014,"Thinning","Low",9732,2164.343274
"518",442,2014,"Thinning","Medium",910,202.378995
"519",443,2014,"Thinning","High",162,36.027909
"520",451,2014,"Mastication","Low",5019,1116.1979955
"521",452,2014,"Mastication","Medium",153,34.0263585
"522",453,2014,"Mastication","High",15,3.3359175
"523",461,2014,"Other Mechanical","Low",4587,1020.1235715
"524",462,2014,"Other Mechanical","Medium",294,65.383983
"525",463,2014,"Other Mechanical","High",67,14.9004315
"526",471,2014,"Wildfire","Low",107,23.7962115
"527",472,2014,"Wildfire","Medium",2,0.444789
"528",473,2014,"Wildfire","High",1,0.2223945
"529",481,2014,"Wildland Fire Use","Low",102,22.684239
"530",491,2014,"Prescribed Fire","Low",24875,5532.0631875
"531",492,2014,"Prescribed Fire","Medium",1840,409.20588
"532",493,2014,"Prescribed Fire","High",333,74.0573685
"533",601,2014,"Unknown","Low",885,196.8191325
"534",602,2014,"Unknown","Medium",281,62.4928545
"535",603,2014,"Unknown","High",965,214.6106925
"536",701,2014,"Unknown","Low",541,120.3154245
"537",702,2014,"Unknown","Medium",103,22.9066335
"538",703,2014,"Unknown","High",14,3.113523
"539",751,2014,"Mastication","Low",171,38.0294595
"540",752,2014,"Mastication","Medium",66,14.678037
"541",753,2014,"Mastication","High",101,22.4618445
"542",761,2014,"Other Mechanical","Low",329,73.1677905
"543",762,2014,"Other Mechanical","Medium",129,28.6888905
"544",763,2014,"Other Mechanical","High",22,4.892679
"545",791,2014,"Prescribed Fire","Low",12,2.668734
"546",792,2014,"Prescribed Fire","Medium",10,2.223945
"547",793,2014,"Prescribed Fire","High",33,7.3390185
"548",941,2014,"Thinning","Low",6573,1461.7990485
"549",951,2014,"Mastication","Low",2617,582.0064065
"550",961,2014,"Other Mechanical","Low",3605,801.7321725
"551",971,2014,"Wildfire","Low",59,13.1212755
"552",981,2014,"Wildland Fire Use","Low",776,172.578132
"553",991,2014,"Prescribed Fire","Low",33649,7483.3525305
"554",1101,2014,"Unknown/Fire Doubtful","Low",55,12.2316975
"555",1102,2014,"Unknown/Fire Doubtful","Medium",14,3.113523
"556",1103,2014,"Unknown/Fire Doubtful","High",62,13.788459
"557",1113,2014,"Unknown/Possibly Fire","High",17,3.7807065
"558",0,2015,"NA","NA",2927358,651028.318731
"559",11,2015,"Wildfire","Unburned/Low",2991,665.1819495
"560",12,2015,"Wildfire","Low",5444,1210.715658
"561",13,2015,"Wildfire","Medium",432,96.074424
"562",15,2015,"Wildfire","Increased Green",139,30.9128355
"563",111,2015,"Wildfire","Unburned/Low",717,159.4568565
"564",112,2015,"Wildfire","Low",1336,297.119052
"565",113,2015,"Wildfire","Medium",26,5.782257
"566",115,2015,"Wildfire","Increased Green",144,32.024808
"567",441,2015,"Thinning","Low",2380,529.29891
"568",442,2015,"Thinning","Medium",36,8.006202
"569",443,2015,"Thinning","High",66,14.678037
"570",461,2015,"Other Mechanical","Low",17987,4000.2098715
"571",462,2015,"Other Mechanical","Medium",1106,245.968317
"572",463,2015,"Other Mechanical","High",482,107.194149
"573",471,2015,"Wildfire","Low",1,0.2223945
"574",491,2015,"Prescribed Fire","Low",66467,14781.8952315
"575",492,2015,"Prescribed Fire","Medium",2236,497.274102
"576",493,2015,"Prescribed Fire","High",1080,240.18606
"577",501,2015,"Wildland Fire","Low",836,185.921802
"578",502,2015,"Wildland Fire","Medium",170,37.807065
"579",503,2015,"Wildland Fire","High",39,8.6733855
"580",601,2015,"Unknown","Low",705,156.7881225
"581",602,2015,"Unknown","Medium",163,36.2503035
"582",603,2015,"Unknown","High",574,127.654443
"583",701,2015,"Unknown","Low",1964,436.782798
"584",702,2015,"Unknown","Medium",1360,302.45652
"585",703,2015,"Unknown","High",1851,411.6522195
"586",741,2015,"Thinning","Low",141,31.3576245
"587",742,2015,"Thinning","Medium",260,57.82257
"588",743,2015,"Thinning","High",24,5.337468
"589",761,2015,"Other Mechanical","Low",1365,303.5684925
"590",762,2015,"Other Mechanical","Medium",382,84.954699
"591",763,2015,"Other Mechanical","High",369,82.0635705
"592",791,2015,"Prescribed Fire","Low",948,210.829986
"593",792,2015,"Prescribed Fire","Medium",244,54.264258
"594",793,2015,"Prescribed Fire","High",436,96.964002
"595",801,2015,"Wildland Fire","Low",1,0.2223945
"596",941,2015,"Thinning","Low",6639,1476.4770855
"597",961,2015,"Other Mechanical","Low",25467,5663.7207315
"598",971,2015,"Wildfire","Low",6,1.334367
"599",991,2015,"Prescribed Fire","Low",121982,27128.125899
"600",1001,2015,"Wildland Fire","Low",646,143.666847
"601",1101,2015,"Unknown","Low",71,15.7900095
"602",1102,2015,"Unknown","Medium",18,4.003101
"603",1103,2015,"Unknown","High",26,5.782257
"604",1111,2015,"Unknown","Low",1,0.2223945
"605",1112,2015,"Unknown","Medium",5,1.1119725
"606",1113,2015,"Unknown","High",4,0.889578
"607",1121,2015,"Unknown","Low",768,170.798976
"608",1122,2015,"Unknown","Medium",62,13.788459
"609",1123,2015,"Unknown","High",553,122.9841585
"610",0,2016,"NA","NA",2988429,664610.1732405
"611",11,2016,"Wildfire","Unburned/Low",15986,3555.198477
"612",12,2016,"Wildfire","Low",33979,7556.7427155
"613",13,2016,"Wildfire","Medium",1837,408.5386965
"614",15,2016,"Wildfire","Increased Green",419,93.1832955
"615",16,2016,"Wildfire","NA",9,2.0015505
"616",31,2016,"Wildfire","Unburned/Low",178,39.586221
"617",32,2016,"Wildfire","Low",65,14.4556425
"618",33,2016,"Wildfire","Medium",78,17.346771
"619",34,2016,"Wildfire","High",230,51.150735
"620",111,2016,"Wildfire","Unburned/Low",128,28.466496
"621",112,2016,"Wildfire","Low",951,211.4971695
"622",115,2016,"Wildfire","Increased Green",2,0.444789
"623",231,2016,"Wildfire","Unburned/Low",37,8.2285965
"624",232,2016,"Wildfire","Low",69,15.3452205
"625",233,2016,"Wildfire","Medium",6,1.334367
"626",234,2016,"Wildfire","High",63,14.0108535
"627",441,2016,"Thinning","Low",7551,1679.3008695
"628",442,2016,"Thinning","Medium",77,17.1243765
"629",443,2016,"Thinning","High",3,0.6671835
"630",451,2016,"Mastication","Low",1905,423.6615225
"631",452,2016,"Mastication","Medium",508,112.976406
"632",453,2016,"Mastication","High",414,92.071323
"633",461,2016,"Other Mechanical","Low",1907,424.1063115
"634",462,2016,"Other Mechanical","Medium",18,4.003101
"635",463,2016,"Other Mechanical","High",2,0.444789
"636",471,2016,"Wildfire","Low",1102,245.078739
"637",472,2016,"Wildfire","Medium",249,55.3762305
"638",473,2016,"Wildfire","High",228,50.705946
"639",491,2016,"Prescribed Fire","Low",34431,7657.2650295
"640",492,2016,"Prescribed Fire","Medium",4230,940.728735
"641",493,2016,"Prescribed Fire","High",3220,716.11029
"642",601,2016,"Unknown","Low",1734,385.632063
"643",602,2016,"Unknown","Medium",734,163.237563
"644",603,2016,"Unknown","High",962,213.943509
"645",701,2016,"Unknown","Low",5929,1318.5769905
"646",702,2016,"Unknown","Medium",1543,343.1547135
"647",703,2016,"Unknown","High",2248,499.942836
"648",741,2016,"Thinning","Low",4,0.889578
"649",742,2016,"Thinning","Medium",1,0.2223945
"650",751,2016,"Mastication","Low",403,89.6249835
"651",752,2016,"Mastication","Medium",186,41.365377
"652",753,2016,"Mastication","High",266,59.156937
"653",761,2016,"Other Mechanical","Low",141,31.3576245
"654",762,2016,"Other Mechanical","Medium",4,0.889578
"655",771,2016,"Wildfire","Low",208,46.258056
"656",772,2016,"Wildfire","Medium",88,19.570716
"657",773,2016,"Wildfire","High",185,41.1429825
"658",791,2016,"Prescribed Fire","Low",1163,258.6448035
"659",792,2016,"Prescribed Fire","Medium",386,85.844277
"660",793,2016,"Prescribed Fire","High",279,62.0480655
"661",941,2016,"Thinning","Low",10229,2274.8733405
"662",951,2016,"Mastication","Low",1111,247.0802895
"663",961,2016,"Other Mechanical","Low",9733,2164.5656685
"664",971,2016,"Wildfire","Low",424,94.295268
"665",991,2016,"Prescribed Fire","Low",56886,12651.133527
"666",1101,2016,"Unknown","Low",322,71.611029
"667",1102,2016,"Unknown","Medium",417,92.7385065
"668",1103,2016,"Unknown","High",82,18.236349
"669",1111,2016,"Unknown","Low",4,0.889578
"670",1112,2016,"Unknown","Medium",4,0.889578
"671",1113,2016,"Unknown","High",8,1.779156
"672",1121,2016,"Unknown","Low",3184,708.104088
"673",1122,2016,"Unknown","Medium",1053,234.1814085
"674",1123,2016,"Unknown","High",273,60.7136985
"675",1131,2016,"Unknown","Low",1,0.2223945
"676",1132,2016,"Unknown","Medium",2,0.444789
